{
    "train_loss": [
        1.5070808801961981,
        0.4632426855356797,
        0.2999381511107735,
        0.19957776519915332,
        0.15439565000326738,
        0.11083015261784844,
        0.093276562023422,
        0.06590809351562157,
        0.04833247361947661,
        0.040832190474738246,
        0.04104522073074528,
        0.03080430593665527,
        0.034865277548037144,
        0.02960879887332735,
        0.023911683145991486,
        0.017687005116401807,
        0.01758847139451815,
        0.02066218602956961,
        0.019479127155373924,
        0.027394151633969792,
        0.01567339340488062,
        0.022460027408543165,
        0.017431911852453713,
        0.019100309748445517,
        0.010873951632327036,
        0.016953501923252706,
        0.01573893874073806,
        0.012952510805031204,
        0.011880609073989985,
        0.009894686945936764,
        0.010259854326621912,
        0.006741145963821075,
        0.008512646705797955,
        0.014999014660387057,
        0.01524167035468449,
        0.008056315571403778,
        0.011180525867878358,
        0.019290986404572007,
        0.011775847312832332,
        0.02123883473813412,
        0.016757756787220662,
        0.028978318055464036
    ],
    "train_acc": [
        63.94021739130435,
        87.90760869565217,
        91.7663043478261,
        95.02717391304348,
        96.08695652173913,
        97.2554347826087,
        97.6086956521739,
        98.72282608695652,
        99.1304347826087,
        99.375,
        99.04891304347827,
        99.45652173913044,
        99.2663043478261,
        99.34782608695652,
        99.51086956521739,
        99.80978260869566,
        99.64673913043478,
        99.53804347826087,
        99.53804347826087,
        99.1304347826087,
        99.64673913043478,
        99.34782608695652,
        99.53804347826087,
        99.4836956521739,
        99.80978260869566,
        99.42934782608695,
        99.6195652173913,
        99.70108695652173,
        99.78260869565217,
        99.83695652173913,
        99.78260869565217,
        99.8913043478261,
        99.83695652173913,
        99.51086956521739,
        99.51086956521739,
        99.8913043478261,
        99.70108695652173,
        99.32065217391305,
        99.56521739130434,
        99.18478260869566,
        99.45652173913044,
        99.18478260869566
    ]
}