{
    "train_loss": [
        1.3936134745245394,
        0.33781465952811035,
        0.1454163575949876,
        0.06816170997917652,
        0.03569189423452253,
        0.020974628943140092,
        0.016046504526520552,
        0.010430461314061414,
        0.008088841878444605,
        0.006773401634848636,
        0.005096199839254436,
        0.004392179437791524,
        0.003485092492369206,
        0.002830880320549983,
        0.002899881900774072,
        0.002122678273640897,
        0.0021561565960797925,
        0.0017769332468995582,
        0.001696091142240102,
        0.0013042470118860997,
        0.0013070254662560057,
        0.0011156083112481333,
        0.0010648001843314293,
        0.00101646830773224,
        0.0008301464868608214,
        0.000678553146502489,
        0.0006175227854249028,
        0.0006220330361469203,
        0.0005497311893597488,
        0.0005654664448229596
    ],
    "train_acc": [
        68.34239130434783,
        92.17391304347827,
        97.7445652173913,
        99.53804347826087,
        99.97282608695652,
        100.0,
        100.0,
        100.0,
        100.0,
        100.0,
        100.0,
        100.0,
        100.0,
        100.0,
        100.0,
        100.0,
        100.0,
        100.0,
        100.0,
        100.0,
        100.0,
        100.0,
        100.0,
        100.0,
        100.0,
        100.0,
        100.0,
        100.0,
        100.0,
        100.0
    ]
}