{
    "train_loss": [
        2.156231981775035,
        1.0800496925478396,
        0.8127025241437166,
        0.6796256267506143,
        0.5960358650788017,
        0.5406293221141981,
        0.4856172377648561,
        0.45034660930218906,
        0.4100384498419969,
        0.3775021873090578,
        0.35954021513462064,
        0.3296602957922479,
        0.32541215238363846,
        0.2961800337485645,
        0.27550666448862654,
        0.2830921611060267,
        0.2699891175912774,
        0.2560133031528929,
        0.2549430823844412,
        0.24730184123567914,
        0.23277920277222344,
        0.22722334515141404,
        0.2272972615516704,
        0.2169558475198953,
        0.21467486956845158,
        0.22453108546526535,
        0.20912680476903917,
        0.19610963858987973,
        0.20358259904643763,
        0.19825852558664653
    ],
    "train_acc": [
        53.04347826086956,
        77.36413043478261,
        81.71195652173913,
        83.72282608695652,
        85.84239130434783,
        86.25,
        88.42391304347827,
        89.1304347826087,
        89.4836956521739,
        90.95108695652173,
        91.38586956521739,
        91.79347826086956,
        92.52717391304348,
        93.42391304347827,
        93.5054347826087,
        93.09782608695652,
        92.93478260869566,
        93.47826086956522,
        93.61413043478261,
        93.66847826086956,
        94.59239130434783,
        94.32065217391305,
        93.69565217391305,
        94.45652173913044,
        94.32065217391305,
        93.94021739130434,
        94.40217391304348,
        94.80978260869566,
        93.9945652173913,
        94.59239130434783
    ]
}