{
    "train_loss": [
        1.901304092614547,
        0.6540556241636691,
        0.4044778919738272,
        0.27918947896231777,
        0.20178113119757693,
        0.14349332461538522,
        0.11179832793448283,
        0.07799602631965409,
        0.06539286477086337,
        0.056060205829208315,
        0.041590199376577916,
        0.03696504146994456,
        0.03356693962022014,
        0.026297209610271714,
        0.02199198038560217,
        0.021534853707998992,
        0.017346835419859576,
        0.015204712315260068,
        0.015257587174520545,
        0.015045690329988365,
        0.012756147422908764,
        0.010571225936038663,
        0.010288957971067209,
        0.008623828578983313,
        0.010613350925521682,
        0.008836821387724384,
        0.007726242094624625,
        0.008970357973695449,
        0.007748463896163941,
        0.008936007871575977
    ],
    "train_acc": [
        57.119565217391305,
        83.34239130434783,
        88.94021739130434,
        93.09782608695652,
        95.5163043478261,
        97.5,
        98.20652173913044,
        99.07608695652173,
        99.1304347826087,
        99.32065217391305,
        99.6195652173913,
        99.56521739130434,
        99.6195652173913,
        99.86413043478261,
        99.78260869565217,
        99.7554347826087,
        99.94565217391305,
        99.94565217391305,
        99.83695652173913,
        99.70108695652173,
        99.80978260869566,
        99.94565217391305,
        99.86413043478261,
        99.94565217391305,
        99.80978260869566,
        99.86413043478261,
        99.91847826086956,
        99.83695652173913,
        99.91847826086956,
        99.86413043478261
    ]
}