{
    "train_loss": [
        2.146196380905483,
        1.0071031487506368,
        0.7355998801148456,
        0.5910987498967544,
        0.4912807661554088,
        0.42168522878833437,
        0.37343946500964786,
        0.3298852605664212,
        0.2974832495917445,
        0.2646309675729793,
        0.23992397882368255,
        0.21142978363710901,
        0.2075884666779767,
        0.1849628883211509,
        0.1693600397395051,
        0.163586358466874,
        0.16528228890636693,
        0.14338095518557922,
        0.1349548336280429,
        0.1294991684672625,
        0.11849122151084568,
        0.11622366629864858,
        0.10957765744432159,
        0.10653915483018626,
        0.10355603967023932,
        0.09601661813971789,
        0.08944337785891865,
        0.08817482627928257,
        0.08267153064193933,
        0.0857346269423547,
        0.0770822617508795,
        0.07491402297240236,
        0.0738669627710529,
        0.07612574681963609,
        0.0722688025754431,
        0.06511970876675585,
        0.06892066873286082,
        0.06834214773514996,
        0.06306716353511033,
        0.06379014604279529,
        0.06185127877346847,
        0.05652941484814105,
        0.056137290888506435,
        0.058478830139274185,
        0.0575873756862205,
        0.04878257306535607,
        0.05046759512194473,
        0.05119159511573937,
        0.04907023169748161,
        0.04740416258573532
    ],
    "train_acc": [
        53.20652173913044,
        79.94565217391305,
        84.91847826086956,
        87.66304347826087,
        90.27173913043478,
        91.92934782608695,
        92.17391304347827,
        93.6413043478261,
        94.80978260869566,
        95.54347826086956,
        95.81521739130434,
        96.875,
        96.46739130434783,
        97.2554347826087,
        97.79891304347827,
        97.55434782608695,
        96.82065217391305,
        98.125,
        98.3695652173913,
        98.07065217391305,
        98.47826086956522,
        98.45108695652173,
        98.55978260869566,
        98.5054347826087,
        98.47826086956522,
        98.61413043478261,
        98.88586956521739,
        98.6413043478261,
        99.07608695652173,
        98.83152173913044,
        98.96739130434783,
        98.88586956521739,
        98.91304347826087,
        98.66847826086956,
        98.80434782608695,
        99.04891304347827,
        99.1304347826087,
        98.77717391304348,
        98.8586956521739,
        99.04891304347827,
        99.23913043478261,
        99.04891304347827,
        99.23913043478261,
        98.9945652173913,
        98.91304347826087,
        99.29347826086956,
        99.02173913043478,
        99.10326086956522,
        99.32065217391305,
        99.21195652173913
    ]
}