{
    "train_loss": [
        2.0072504613710485,
        0.8531644155149875,
        0.6226747989654541,
        0.5099025319451871,
        0.45806084417778514,
        0.40466277664122374,
        0.3638504871855611,
        0.3372117312058159,
        0.31820499456447104,
        0.29990628562543703,
        0.28379869493453397,
        0.2599907581572947,
        0.25715629264064455,
        0.24237874195627543,
        0.23306365609169005,
        0.23054768261702163,
        0.22687623432796936,
        0.21100284139747205,
        0.20010185747042947,
        0.2115557424724102,
        0.19996655797180923,
        0.19199435241196466,
        0.1825460926346157,
        0.17912274586117785,
        0.17583989899443545,
        0.17956428420932397,
        0.16073416607535404,
        0.161569393782512,
        0.152304183886103,
        0.15784772906614386,
        0.1538261408229237,
        0.16010574896050536,
        0.15057629936415215,
        0.1595930088473403,
        0.15164262313881646,
        0.15002457337534947,
        0.14973759811533535,
        0.1381103374387907,
        0.1478510726729165,
        0.14842756170293558,
        0.13313390489505686,
        0.13689844699009604,
        0.14306402447754923,
        0.13614550769005132,
        0.1327103229806475,
        0.12794290024625218,
        0.13521000922698043,
        0.11916022891907588,
        0.12823400184836076,
        0.1235342557825472
    ],
    "train_acc": [
        54.72826086956522,
        82.09239130434783,
        85.13586956521739,
        87.5,
        88.2336956521739,
        88.94021739130434,
        90.54347826086956,
        90.81521739130434,
        91.30434782608695,
        91.95652173913044,
        92.06521739130434,
        92.93478260869566,
        92.98913043478261,
        93.31521739130434,
        93.31521739130434,
        93.72282608695652,
        93.34239130434783,
        93.8586956521739,
        94.6195652173913,
        93.6413043478261,
        94.23913043478261,
        93.9945652173913,
        94.78260869565217,
        94.7554347826087,
        94.45652173913044,
        94.4836956521739,
        95.3804347826087,
        95.19021739130434,
        95.40760869565217,
        95.29891304347827,
        95.43478260869566,
        95.0,
        95.65217391304348,
        95.27173913043478,
        95.3804347826087,
        95.59782608695652,
        95.46195652173913,
        95.76086956521739,
        95.48913043478261,
        95.29891304347827,
        95.92391304347827,
        95.7336956521739,
        95.5163043478261,
        95.76086956521739,
        95.5163043478261,
        96.16847826086956,
        95.7336956521739,
        96.38586956521739,
        95.89673913043478,
        96.11413043478261
    ]
}